datetime,avg_temperature_2m_24h,avg_relative_humidity_2m_24h,avg_dew_point_2m_24h,total_apparent_temperature_24h,avg_temperature_80m_24h,avg_temperature_120m_24h,avg_wind_speed_10m_24h,avg_wind_speed_80m_24h,avg_visibility_24h,total_rain_24h,total_showers_24h,total_snowfall_24h,avg_temperature_2m_daylight,avg_relative_humidity_2m_daylight,avg_dew_point_2m_daylight,total_apparent_temperature_daylight,avg_temperature_80m_daylight,avg_temperature_120m_daylight,avg_wind_speed_10m_daylight,avg_wind_speed_80m_daylight,avg_visibility_daylight,total_rain_daylight,total_showers_daylight,total_snowfall_daylight,daylight_hours,sunrise (datetime),sunset (datetime)
2025-06-16,22.167,67.417,15.263,22.812,20.85,20.246,2.4,4.467,24131.668,0.0,0.013,0.0,23.055,61.778,14.765,23.411,21.388,20.694,2.661,4.588,24140.001,0.0,0.0,0.0,17.35,2025-06-15T21:48:15Z,2025-06-16T15:09:10Z
2025-06-17,22.8,62.167,14.283,24.183,22.542,22.083,0.658,1.117,24060.001,0.0,0.0,0.0,24.061,56.749,14.021,25.442,23.059,22.55,0.707,1.081,24029.338,0.0,0.0,0.0,17.36,2025-06-16T21:48:11Z,2025-06-17T15:09:38Z
2025-06-18,24.825,58.958,15.388,26.558,24.942,24.517,0.942,2.017,24140.001,0.0,0.0,0.0,26.269,53.651,15.246,28.136,25.336,24.795,0.883,1.529,24140.001,0.0,0.0,0.0,17.36,2025-06-17T21:48:11Z,2025-06-18T15:10:02Z
2025-06-19,26.433,56.708,16.112,27.925,27.267,27.1,1.621,3.462,24140.001,0.0,0.0,0.0,28.261,49.708,15.839,29.621,27.804,27.462,1.831,3.387,24140.001,0.0,0.0,0.0,17.37,2025-06-18T21:48:16Z,2025-06-19T15:10:22Z
2025-06-20,24.012,60.458,15.7,24.638,23.621,23.483,2.529,5.279,24035.001,0.0,0.0,0.0,24.16,57.909,15.149,24.375,22.891,22.489,2.893,5.349,23994.895,0.0,0.0,0.0,17.37,2025-06-19T21:48:24Z,2025-06-20T15:10:40Z
2025-06-21,20.429,74.375,15.638,20.729,19.488,19.054,3.096,6.583,21414.167,0.0,0.226,0.0,20.797,71.812,15.454,20.896,19.566,19.001,3.339,6.714,20388.478,0.0,0.313,0.0,17.37,2025-06-20T21:48:37Z,2025-06-21T15:10:54Z
2025-06-22,22.354,56.625,12.338,21.55,21.2,20.65,3.529,7.354,23245.001,0.0,0.008,0.0,23.895,49.343,11.802,22.975,22.437,21.816,3.639,7.219,23662.177,0.0,0.004,0.0,17.37,2025-06-21T21:48:53Z,2025-06-22T15:11:04Z
2025-06-23,22.929,54.833,12.904,22.862,22.112,21.942,2.358,4.996,22864.167,0.0,0.004,0.0,23.534,50.364,12.183,23.27,22.234,21.847,2.419,4.618,24018.59,0.0,0.0,0.0,17.37,2025-06-22T21:49:13Z,2025-06-23T15:11:11Z
2025-06-24,19.029,73.458,14.0,18.683,17.771,17.233,3.154,6.337,13893.334,0.354,0.133,0.0,19.3,70.806,13.693,18.649,17.719,17.04,3.514,6.789,12574.268,0.001,0.071,0.0,17.36,2025-06-23T21:49:37Z,2025-06-24T15:11:14Z
2025-06-25,17.329,66.25,10.571,16.533,15.929,15.217,1.879,3.367,23380.834,0.0,0.008,0.0,18.028,61.343,10.095,17.16,16.396,15.687,1.742,2.812,23089.857,0.0,0.012,0.0,17.35,2025-06-24T21:50:05Z,2025-06-25T15:11:13Z
2025-06-26,17.975,50.917,6.854,16.521,16.571,16.179,2.0,3.863,24140.001,0.0,0.0,0.0,19.1,45.487,6.284,17.659,17.33,16.779,2.002,3.402,24140.001,0.0,0.0,0.0,17.34,2025-06-25T21:50:36Z,2025-06-26T15:11:09Z
2025-06-27,20.004,49.667,8.604,18.521,19.004,18.683,2.812,6.192,24140.001,0.0,0.0,0.0,21.321,46.232,8.715,19.772,19.63,19.089,3.279,6.387,24140.001,0.0,0.0,0.0,17.33,2025-06-26T21:51:10Z,2025-06-27T15:11:02Z
2025-06-28,21.004,61.542,13.192,21.342,19.787,19.483,1.762,3.613,23217.501,0.0,0.18,0.0,21.889,61.211,13.921,22.541,20.216,19.671,1.742,2.933,23147.179,0.0,0.249,0.0,17.32,2025-06-27T21:51:47Z,2025-06-28T15:10:50Z
2025-06-29,20.808,72.583,15.388,21.787,19.875,19.304,1.746,3.446,21711.667,0.0,0.034,0.0,21.645,67.436,15.093,22.372,20.187,19.548,2.046,3.57,20795.723,0.0,0.047,0.0,17.3,2025-06-28T21:52:28Z,2025-06-29T15:10:35Z
2025-06-30,21.371,70.042,15.5,22.425,20.479,20.075,1.683,3.562,23280.001,0.0,0.139,0.0,22.214,66.198,15.45,23.23,20.814,20.285,1.777,3.118,24029.871,0.0,0.192,0.0,17.29,2025-06-29T21:53:11Z,2025-06-30T15:10:17Z
datetime,datetime_iso,wind_speed_10m_m_per_s,wind_speed_80m_m_per_s,temperature_2m_celsius,apparent_temperature_celsius,temperature_80m_celsius,temperature_120m_celsius,soil_temperature_0cm_celsius,soil_temperature_6cm_celsius,rain_mm,showers_mm,snowfall_mm
2025-06-16 00:00:00+07:00,2025-06-15T17:00:00Z,2.1,4.5,20.8,23.0,20.1,19.6,21.3,22.2,0.0,0.305,0.0
2025-06-16 01:00:00+07:00,2025-06-15T18:00:00Z,2.3,5.2,19.8,21.2,19.1,18.4,19.9,21.3,0.0,0.0,0.0
2025-06-16 02:00:00+07:00,2025-06-15T19:00:00Z,2.2,4.7,19.2,20.4,18.4,18.1,19.3,20.8,0.0,0.0,0.0
2025-06-16 03:00:00+07:00,2025-06-15T20:00:00Z,1.6,4.0,18.7,20.1,18.1,17.8,18.8,20.3,0.0,0.0,0.0
2025-06-16 04:00:00+07:00,2025-06-15T21:00:00Z,1.5,4.0,18.3,19.7,17.8,17.7,18.3,19.8,0.0,0.0,0.0
2025-06-16 05:00:00+07:00,2025-06-15T22:00:00Z,1.6,4.3,17.8,19.2,17.3,17.3,17.8,19.4,0.0,0.0,0.0
2025-06-16 06:00:00+07:00,2025-06-15T23:00:00Z,1.7,4.4,17.8,19.0,17.1,16.9,18.5,19.1,0.0,0.0,0.0
2025-06-16 07:00:00+07:00,2025-06-16T00:00:00Z,2.1,3.6,18.3,19.4,17.2,16.7,19.9,19.3,0.0,0.0,0.0
2025-06-16 08:00:00+07:00,2025-06-16T01:00:00Z,2.5,4.2,19.1,19.9,17.7,16.9,21.6,19.8,0.0,0.0,0.0
2025-06-16 09:00:00+07:00,2025-06-16T02:00:00Z,2.9,4.8,20.4,21.1,18.8,17.9,23.9,20.7,0.0,0.0,0.0
2025-06-16 10:00:00+07:00,2025-06-16T03:00:00Z,3.2,5.4,21.9,22.3,20.1,19.3,25.6,21.8,0.0,0.0,0.0
2025-06-16 11:00:00+07:00,2025-06-16T04:00:00Z,3.5,5.9,22.8,23.0,20.8,19.9,27.0,22.9,0.0,0.0,0.0
2025-06-16 12:00:00+07:00,2025-06-16T05:00:00Z,3.5,5.9,23.6,23.8,21.3,20.6,28.4,23.9,0.0,0.0,0.0
2025-06-16 13:00:00+07:00,2025-06-16T06:00:00Z,3.1,4.9,24.2,25.0,21.8,21.1,29.4,24.9,0.0,0.0,0.0
2025-06-16 14:00:00+07:00,2025-06-16T07:00:00Z,2.9,4.4,25.2,26.2,22.7,21.8,31.0,26.2,0.0,0.0,0.0
2025-06-16 15:00:00+07:00,2025-06-16T08:00:00Z,2.9,4.4,25.7,26.3,23.2,22.4,31.1,26.9,0.0,0.0,0.0
2025-06-16 16:00:00+07:00,2025-06-16T09:00:00Z,3.1,4.7,26.1,26.3,23.7,22.8,30.9,27.4,0.0,0.0,0.0
2025-06-16 17:00:00+07:00,2025-06-16T10:00:00Z,3.1,4.8,26.2,25.8,23.9,23.2,29.8,27.6,0.0,0.0,0.0
2025-06-16 18:00:00+07:00,2025-06-16T11:00:00Z,3.0,4.8,25.8,25.2,23.9,23.2,28.6,27.3,0.0,0.0,0.0
2025-06-16 19:00:00+07:00,2025-06-16T12:00:00Z,2.7,4.5,25.8,25.1,24.2,23.4,27.7,26.8,0.0,0.0,0.0
2025-06-16 20:00:00+07:00,2025-06-16T13:00:00Z,2.4,4.2,25.2,24.6,23.8,23.2,25.6,26.1,0.0,0.0,0.0
2025-06-16 21:00:00+07:00,2025-06-16T14:00:00Z,1.8,3.7,24.4,24.3,23.7,22.9,23.6,25.0,0.0,0.0,0.0
2025-06-16 22:00:00+07:00,2025-06-16T15:00:00Z,1.0,3.1,23.1,23.7,23.1,22.6,21.3,23.7,0.0,0.0,0.0
2025-06-16 23:00:00+07:00,2025-06-16T16:00:00Z,0.9,2.8,21.8,22.9,22.6,22.2,19.9,22.3,0.0,0.0,0.0
2025-06-17 00:00:00+07:00,2025-06-16T17:00:00Z,0.8,2.7,20.8,22.0,22.1,21.7,19.1,21.3,0.0,0.0,0.0
2025-06-17 01:00:00+07:00,2025-06-16T18:00:00Z,0.3,1.4,19.3,20.7,20.3,19.9,16.8,19.7,0.0,0.0,0.0
2025-06-17 02:00:00+07:00,2025-06-16T19:00:00Z,0.5,1.0,18.7,20.1,20.1,19.8,16.1,18.8,0.0,0.0,0.0
2025-06-17 03:00:00+07:00,2025-06-16T20:00:00Z,0.4,0.6,17.8,19.4,19.6,19.3,15.4,18.2,0.0,0.0,0.0
2025-06-17 04:00:00+07:00,2025-06-16T21:00:00Z,0.5,0.4,16.6,18.2,19.2,19.1,15.1,17.6,0.0,0.0,0.0
2025-06-17 05:00:00+07:00,2025-06-16T22:00:00Z,0.4,0.6,15.7,17.3,18.8,18.8,14.5,17.1,0.0,0.0,0.0
2025-06-17 06:00:00+07:00,2025-06-16T23:00:00Z,0.5,0.9,15.3,16.9,18.3,18.4,15.4,16.7,0.0,0.0,0.0
2025-06-17 07:00:00+07:00,2025-06-17T00:00:00Z,0.3,1.1,16.7,18.5,18.7,18.8,19.1,17.3,0.0,0.0,0.0
2025-06-17 08:00:00+07:00,2025-06-17T01:00:00Z,0.3,1.0,19.2,20.7,18.4,18.7,22.6,18.6,0.0,0.0,0.0
2025-06-17 09:00:00+07:00,2025-06-17T02:00:00Z,0.5,0.7,21.5,22.9,19.8,19.2,25.9,20.3,0.0,0.0,0.0
2025-06-17 10:00:00+07:00,2025-06-17T03:00:00Z,0.3,0.3,23.3,24.8,21.3,20.6,27.9,22.2,0.0,0.0,0.0
2025-06-17 11:00:00+07:00,2025-06-17T04:00:00Z,0.5,0.6,24.6,26.7,22.4,21.8,30.2,23.9,0.0,0.0,0.0
2025-06-17 12:00:00+07:00,2025-06-17T05:00:00Z,0.5,0.7,25.7,27.9,23.3,22.7,31.6,25.5,0.0,0.0,0.0
2025-06-17 13:00:00+07:00,2025-06-17T06:00:00Z,0.4,0.6,25.8,28.1,23.6,22.8,31.3,26.6,0.0,0.0,0.0
2025-06-17 14:00:00+07:00,2025-06-17T07:00:00Z,0.5,0.5,26.7,28.8,24.3,23.7,32.1,27.3,0.0,0.0,0.0
2025-06-17 15:00:00+07:00,2025-06-17T08:00:00Z,0.6,0.7,27.3,29.2,24.9,24.2,32.8,28.0,0.0,0.0,0.0
2025-06-17 16:00:00+07:00,2025-06-17T09:00:00Z,0.9,1.1,27.8,29.4,25.4,24.8,33.2,28.6,0.0,0.0,0.0
2025-06-17 17:00:00+07:00,2025-06-17T10:00:00Z,1.1,1.3,28.0,28.9,25.9,25.2,32.5,28.9,0.0,0.0,0.0
2025-06-17 18:00:00+07:00,2025-06-17T11:00:00Z,1.4,1.7,28.1,28.2,26.3,25.4,31.2,28.8,0.0,0.0,0.0
2025-06-17 19:00:00+07:00,2025-06-17T12:00:00Z,1.5,2.0,27.6,27.8,26.2,25.4,28.8,28.1,0.0,0.0,0.0
2025-06-17 20:00:00+07:00,2025-06-17T13:00:00Z,1.2,1.7,27.1,27.3,25.9,25.3,26.8,27.1,0.0,0.0,0.0
2025-06-17 21:00:00+07:00,2025-06-17T14:00:00Z,1.1,2.2,25.9,26.5,25.7,24.9,24.3,25.9,0.0,0.0,0.0
2025-06-17 22:00:00+07:00,2025-06-17T15:00:00Z,0.6,1.9,24.3,25.6,25.3,24.8,21.8,24.4,0.0,0.0,0.0
2025-06-17 23:00:00+07:00,2025-06-17T16:00:00Z,0.7,1.1,23.4,24.5,25.2,24.7,20.7,23.0,0.0,0.0,0.0
2025-06-18 00:00:00+07:00,2025-06-17T17:00:00Z,1.0,2.2,22.8,23.6,24.8,24.6,19.8,21.9,0.0,0.0,0.0
2025-06-18 01:00:00+07:00,2025-06-17T18:00:00Z,1.1,3.1,20.4,21.6,23.8,23.4,18.1,20.5,0.0,0.0,0.0
2025-06-18 02:00:00+07:00,2025-06-17T19:00:00Z,1.4,3.9,20.1,21.2,23.1,22.9,17.4,19.8,0.0,0.0,0.0
2025-06-18 03:00:00+07:00,2025-06-17T20:00:00Z,1.1,4.3,18.6,20.0,22.2,22.3,17.3,19.2,0.0,0.0,0.0
2025-06-18 04:00:00+07:00,2025-06-17T21:00:00Z,1.0,3.8,17.9,19.4,21.7,21.9,16.7,18.7,0.0,0.0,0.0
2025-06-18 05:00:00+07:00,2025-06-17T22:00:00Z,1.0,3.3,17.7,19.1,21.2,21.4,16.2,18.3,0.0,0.0,0.0
2025-06-18 06:00:00+07:00,2025-06-17T23:00:00Z,1.0,3.3,17.6,18.8,20.8,20.8,17.2,17.9,0.0,0.0,0.0
2025-06-18 07:00:00+07:00,2025-06-18T00:00:00Z,0.8,2.7,18.4,20.4,20.4,20.7,20.1,18.3,0.0,0.0,0.0
2025-06-18 08:00:00+07:00,2025-06-18T01:00:00Z,1.0,2.4,21.2,23.1,20.3,20.3,23.3,19.4,0.0,0.0,0.0
2025-06-18 09:00:00+07:00,2025-06-18T02:00:00Z,1.3,1.8,23.0,24.4,21.4,20.8,25.6,21.0,0.0,0.0,0.0
2025-06-18 10:00:00+07:00,2025-06-18T03:00:00Z,1.2,1.5,24.6,26.1,22.7,21.9,27.8,22.6,0.0,0.0,0.0
2025-06-18 11:00:00+07:00,2025-06-18T04:00:00Z,0.8,1.0,25.9,28.2,23.8,23.2,29.6,24.1,0.0,0.0,0.0
2025-06-18 12:00:00+07:00,2025-06-18T05:00:00Z,0.7,0.9,27.2,29.9,24.8,24.2,30.8,25.3,0.0,0.0,0.0
2025-06-18 13:00:00+07:00,2025-06-18T06:00:00Z,0.6,0.8,28.4,31.2,26.1,25.3,32.6,26.9,0.0,0.0,0.0
2025-06-18 14:00:00+07:00,2025-06-18T07:00:00Z,0.6,0.8,29.3,32.4,26.8,26.2,33.4,28.1,0.0,0.0,0.0
2025-06-18 15:00:00+07:00,2025-06-18T08:00:00Z,0.6,0.8,29.9,32.6,27.7,26.8,33.6,28.7,0.0,0.0,0.0
2025-06-18 16:00:00+07:00,2025-06-18T09:00:00Z,0.6,0.8,30.4,32.8,28.2,27.4,33.6,29.2,0.0,0.0,0.0
2025-06-18 17:00:00+07:00,2025-06-18T10:00:00Z,1.1,1.3,30.6,32.1,28.6,27.8,33.1,29.4,0.0,0.0,0.0
2025-06-18 18:00:00+07:00,2025-06-18T11:00:00Z,1.5,2.0,30.4,31.1,28.8,27.9,31.7,29.3,0.0,0.0,0.0
2025-06-18 19:00:00+07:00,2025-06-18T12:00:00Z,1.1,1.4,30.2,30.9,28.8,28.1,30.9,29.4,0.0,0.0,0.0
2025-06-18 20:00:00+07:00,2025-06-18T13:00:00Z,0.9,1.3,29.6,30.7,28.7,27.9,28.8,28.6,0.0,0.0,0.0
2025-06-18 21:00:00+07:00,2025-06-18T14:00:00Z,0.3,0.3,28.8,30.9,28.4,27.8,27.1,27.6,0.0,0.0,0.0
2025-06-18 22:00:00+07:00,2025-06-18T15:00:00Z,0.8,1.7,27.4,29.4,28.2,27.7,24.1,26.3,0.0,0.0,0.0
2025-06-18 23:00:00+07:00,2025-06-18T16:00:00Z,1.1,3.0,25.4,27.5,27.3,27.1,22.3,24.8,0.0,0.0,0.0
2025-06-19 00:00:00+07:00,2025-06-18T17:00:00Z,1.1,3.4,23.4,25.5,26.7,26.8,21.1,23.6,0.0,0.0,0.0
2025-06-19 01:00:00+07:00,2025-06-18T18:00:00Z,1.0,3.3,21.1,23.3,25.2,25.6,19.6,22.1,0.0,0.0,0.0
2025-06-19 02:00:00+07:00,2025-06-18T19:00:00Z,1.1,3.8,19.9,21.7,24.8,25.2,18.8,21.3,0.0,0.0,0.0
2025-06-19 03:00:00+07:00,2025-06-18T20:00:00Z,1.1,4.1,19.1,20.5,24.2,24.6,18.1,20.6,0.0,0.0,0.0
2025-06-19 04:00:00+07:00,2025-06-18T21:00:00Z,1.1,4.1,18.6,19.7,23.7,24.2,17.6,19.8,0.0,0.0,0.0
2025-06-19 05:00:00+07:00,2025-06-18T22:00:00Z,1.0,3.7,18.1,19.2,23.2,23.8,16.9,19.3,0.0,0.0,0.0
2025-06-19 06:00:00+07:00,2025-06-18T23:00:00Z,0.9,3.3,17.9,19.3,22.9,23.7,17.9,18.8,0.0,0.0,0.0
2025-06-19 07:00:00+07:00,2025-06-19T00:00:00Z,0.8,2.9,19.6,21.3,22.8,23.6,21.2,19.3,0.0,0.0,0.0
2025-06-19 08:00:00+07:00,2025-06-19T01:00:00Z,1.0,2.7,22.8,24.7,22.9,23.6,25.2,20.6,0.0,0.0,0.0
2025-06-19 09:00:00+07:00,2025-06-19T02:00:00Z,1.1,1.5,25.3,27.1,23.8,23.7,28.6,22.4,0.0,0.0,0.0
2025-06-19 10:00:00+07:00,2025-06-19T03:00:00Z,1.4,2.1,27.4,28.8,25.7,24.8,31.1,24.4,0.0,0.0,0.0
2025-06-19 11:00:00+07:00,2025-06-19T04:00:00Z,1.9,2.6,28.8,30.3,26.8,26.2,32.6,26.2,0.0,0.0,0.0
2025-06-19 12:00:00+07:00,2025-06-19T05:00:00Z,2.2,3.1,30.0,31.9,27.8,27.1,34.0,27.6,0.0,0.0,0.0
2025-06-19 13:00:00+07:00,2025-06-19T06:00:00Z,2.6,3.8,30.5,32.3,28.2,27.4,35.6,28.9,0.0,0.0,0.0
2025-06-19 14:00:00+07:00,2025-06-19T07:00:00Z,2.8,4.3,31.6,33.7,29.2,28.3,36.6,30.1,0.0,0.0,0.0
2025-06-19 15:00:00+07:00,2025-06-19T08:00:00Z,2.9,4.5,32.3,34.0,29.9,29.2,36.9,30.9,0.0,0.0,0.0
2025-06-19 16:00:00+07:00,2025-06-19T09:00:00Z,2.9,4.4,32.8,33.8,30.6,29.8,36.4,31.6,0.0,0.0,0.0
2025-06-19 17:00:00+07:00,2025-06-19T10:00:00Z,2.9,4.6,32.9,33.2,30.9,30.2,35.6,31.7,0.0,0.0,0.0
2025-06-19 18:00:00+07:00,2025-06-19T11:00:00Z,2.7,4.3,32.9,32.8,31.3,30.4,34.5,31.6,0.0,0.0,0.0
2025-06-19 19:00:00+07:00,2025-06-19T12:00:00Z,1.7,2.9,32.4,32.9,31.3,30.6,32.3,30.3,0.0,0.0,0.0
2025-06-19 20:00:00+07:00,2025-06-19T13:00:00Z,1.5,3.3,31.8,32.6,31.3,30.7,30.2,29.6,0.0,0.0,0.0
2025-06-19 21:00:00+07:00,2025-06-19T14:00:00Z,1.2,3.8,30.2,31.8,30.9,30.7,27.7,28.6,0.0,0.0,0.0
2025-06-19 22:00:00+07:00,2025-06-19T15:00:00Z,0.9,3.2,28.3,30.6,30.4,30.3,25.2,27.2,0.0,0.0,0.0
2025-06-19 23:00:00+07:00,2025-06-19T16:00:00Z,1.1,3.4,26.7,29.2,29.9,29.9,24.1,25.8,0.0,0.0,0.0
2025-06-20 00:00:00+07:00,2025-06-19T17:00:00Z,1.0,4.0,25.3,27.8,29.3,29.3,22.8,24.8,0.0,0.0,0.0
2025-06-20 01:00:00+07:00,2025-06-19T18:00:00Z,1.1,4.6,24.8,26.9,27.9,28.3,23.1,24.1,0.0,0.0,0.0
2025-06-20 02:00:00+07:00,2025-06-19T19:00:00Z,1.2,4.0,24.1,26.3,26.9,27.4,22.4,23.6,0.0,0.0,0.0
2025-06-20 03:00:00+07:00,2025-06-19T20:00:00Z,1.7,5.8,22.9,24.5,23.3,23.7,22.1,23.1,0.0,0.0,0.0
2025-06-20 04:00:00+07:00,2025-06-19T21:00:00Z,1.8,4.9,22.7,24.2,23.8,25.7,22.1,22.7,0.0,0.0,0.0
2025-06-20 05:00:00+07:00,2025-06-19T22:00:00Z,1.9,5.3,23.0,24.3,24.3,26.8,22.1,22.5,0.0,0.0,0.0
2025-06-20 06:00:00+07:00,2025-06-19T23:00:00Z,1.6,5.2,22.9,24.7,23.2,24.8,22.3,22.3,0.0,0.0,0.0
2025-06-20 07:00:00+07:00,2025-06-20T00:00:00Z,2.8,5.0,20.6,21.4,19.3,18.8,21.7,21.3,0.0,0.0,0.0
2025-06-20 08:00:00+07:00,2025-06-20T01:00:00Z,2.6,4.4,20.8,21.2,19.3,18.6,23.3,21.9,0.0,0.0,0.0
2025-06-20 09:00:00+07:00,2025-06-20T02:00:00Z,1.9,2.8,21.3,22.0,19.8,19.1,24.3,22.6,0.0,0.0,0.0
2025-06-20 10:00:00+07:00,2025-06-20T03:00:00Z,1.8,2.4,22.8,23.5,20.8,20.2,27.3,23.6,0.0,0.0,0.0
2025-06-20 11:00:00+07:00,2025-06-20T04:00:00Z,2.2,3.2,23.8,24.3,21.9,21.2,27.1,24.6,0.0,0.0,0.0
2025-06-20 12:00:00+07:00,2025-06-20T05:00:00Z,2.7,4.1,24.8,25.3,22.8,22.1,29.2,25.3,0.0,0.0,0.0
2025-06-20 13:00:00+07:00,2025-06-20T06:00:00Z,3.7,6.0,24.6,24.6,22.3,21.7,26.6,25.1,0.0,0.0,0.0
2025-06-20 14:00:00+07:00,2025-06-20T07:00:00Z,3.8,6.3,25.1,24.9,23.1,22.3,27.2,25.3,0.0,0.0,0.0
2025-06-20 15:00:00+07:00,2025-06-20T08:00:00Z,4.1,7.0,25.8,25.3,23.7,22.8,28.1,25.6,0.0,0.0,0.0
2025-06-20 16:00:00+07:00,2025-06-20T09:00:00Z,4.3,7.6,26.2,25.2,24.3,23.6,27.6,25.9,0.0,0.0,0.0
2025-06-20 17:00:00+07:00,2025-06-20T10:00:00Z,4.0,7.2,26.2,25.3,24.7,23.9,26.8,25.8,0.0,0.0,0.0
2025-06-20 18:00:00+07:00,2025-06-20T11:00:00Z,3.8,7.0,26.2,25.6,24.8,24.1,26.7,25.5,0.0,0.0,0.0
2025-06-20 19:00:00+07:00,2025-06-20T12:00:00Z,3.2,6.0,26.2,25.7,24.9,24.3,26.6,25.6,0.0,0.0,0.0
2025-06-20 20:00:00+07:00,2025-06-20T13:00:00Z,2.8,5.4,25.8,25.8,24.9,24.3,25.5,25.2,0.0,0.0,0.0
2025-06-20 21:00:00+07:00,2025-06-20T14:00:00Z,2.2,5.5,24.8,25.4,24.7,24.2,23.8,24.6,0.0,0.0,0.0
2025-06-20 22:00:00+07:00,2025-06-20T15:00:00Z,2.1,6.1,23.4,24.2,24.1,23.8,21.9,23.5,0.0,0.0,0.0
2025-06-20 23:00:00+07:00,2025-06-20T16:00:00Z,2.4,6.9,22.2,22.9,22.8,22.6,21.2,22.5,0.0,0.0,0.0
2025-06-21 00:00:00+07:00,2025-06-20T17:00:00Z,2.7,7.0,20.8,22.1,20.9,20.6,20.5,21.8,0.0,0.0,0.0
2025-06-21 01:00:00+07:00,2025-06-20T18:00:00Z,2.5,6.7,20.3,21.5,20.3,20.1,20.1,21.4,0.0,0.0,0.0
2025-06-21 02:00:00+07:00,2025-06-20T19:00:00Z,2.3,6.1,19.6,20.7,19.4,19.4,19.3,20.8,0.0,0.0,0.0
2025-06-21 03:00:00+07:00,2025-06-20T20:00:00Z,2.0,5.1,19.1,20.3,18.8,18.9,18.8,20.2,0.0,0.0,0.0
2025-06-21 04:00:00+07:00,2025-06-20T21:00:00Z,1.9,4.8,18.6,19.8,18.4,18.8,18.4,19.8,0.0,0.0,0.0
2025-06-21 05:00:00+07:00,2025-06-20T22:00:00Z,1.9,5.2,18.2,19.1,18.3,18.6,18.1,19.3,0.0,0.0,0.0
2025-06-21 06:00:00+07:00,2025-06-20T23:00:00Z,2.1,5.2,18.3,18.7,17.9,18.3,18.6,19.1,0.0,0.0,0.0
2025-06-21 07:00:00+07:00,2025-06-21T00:00:00Z,2.5,5.9,18.8,18.9,17.9,17.8,19.8,19.2,0.0,0.0,0.0
2025-06-21 08:00:00+07:00,2025-06-21T01:00:00Z,3.1,6.0,19.6,19.5,18.6,17.8,20.5,19.7,0.0,0.0,0.0
2025-06-21 09:00:00+07:00,2025-06-21T02:00:00Z,3.0,6.0,19.8,20.1,18.7,18.1,21.0,20.0,0.0,0.102,0.0
2025-06-21 10:00:00+07:00,2025-06-21T03:00:00Z,3.0,5.7,20.7,21.0,19.3,18.7,22.5,20.3,0.0,0.102,0.0
2025-06-21 11:00:00+07:00,2025-06-21T04:00:00Z,3.1,5.9,21.7,22.1,20.3,19.4,23.4,21.2,0.0,0.203,0.0
2025-06-21 12:00:00+07:00,2025-06-21T05:00:00Z,3.3,5.7,22.7,23.3,20.9,20.3,24.7,22.0,0.0,0.102,0.0
2025-06-21 13:00:00+07:00,2025-06-21T06:00:00Z,2.3,4.1,21.3,22.8,19.8,19.2,22.4,22.1,0.0,0.711,0.0
2025-06-21 14:00:00+07:00,2025-06-21T07:00:00Z,3.3,5.8,21.4,22.1,19.6,18.8,24.6,21.8,0.0,0.711,0.0
2025-06-21 15:00:00+07:00,2025-06-21T08:00:00Z,4.4,7.9,23.5,23.7,21.3,20.7,26.8,22.9,0.0,0.0,0.0
2025-06-21 16:00:00+07:00,2025-06-21T09:00:00Z,4.1,8.2,21.6,21.8,20.1,19.3,22.6,22.8,0.0,1.6,0.0
2025-06-21 17:00:00+07:00,2025-06-21T10:00:00Z,5.1,10.0,22.5,21.4,20.8,20.1,24.3,22.7,0.0,0.102,0.0
2025-06-21 18:00:00+07:00,2025-06-21T11:00:00Z,4.8,9.4,20.7,20.2,19.2,18.4,21.1,22.6,0.0,1.295,0.0
2025-06-21 19:00:00+07:00,2025-06-21T12:00:00Z,3.7,7.6,21.4,21.1,20.2,19.4,22.9,22.3,0.0,0.305,0.0
2025-06-21 20:00:00+07:00,2025-06-21T13:00:00Z,3.7,7.9,20.8,20.1,19.8,19.1,21.1,21.7,0.0,0.203,0.0
2025-06-21 21:00:00+07:00,2025-06-21T14:00:00Z,3.2,7.1,20.5,20.0,19.8,19.1,20.2,21.0,0.0,0.0,0.0
2025-06-21 22:00:00+07:00,2025-06-21T15:00:00Z,2.9,6.8,19.7,19.1,19.2,18.7,18.8,20.3,0.0,0.0,0.0
2025-06-21 23:00:00+07:00,2025-06-21T16:00:00Z,3.4,7.9,18.7,18.1,18.2,17.7,18.3,19.4,0.0,0.0,0.0
2025-06-22 00:00:00+07:00,2025-06-21T17:00:00Z,3.4,7.8,18.2,17.8,17.7,17.1,18.0,18.9,0.0,0.0,0.0
2025-06-22 01:00:00+07:00,2025-06-21T18:00:00Z,3.1,7.3,16.8,16.2,16.2,15.8,16.6,17.9,0.0,0.0,0.0
2025-06-22 02:00:00+07:00,2025-06-21T19:00:00Z,3.2,7.5,16.8,16.4,16.3,15.8,16.8,17.7,0.0,0.0,0.0
2025-06-22 03:00:00+07:00,2025-06-21T20:00:00Z,3.4,7.7,16.7,16.1,16.1,15.6,16.6,17.5,0.0,0.0,0.0
2025-06-22 04:00:00+07:00,2025-06-21T21:00:00Z,3.0,7.0,16.3,15.7,15.8,15.3,16.2,17.2,0.0,0.0,0.0
2025-06-22 05:00:00+07:00,2025-06-21T22:00:00Z,2.6,6.4,16.2,15.7,15.8,15.8,15.9,16.9,0.0,0.0,0.0
2025-06-22 06:00:00+07:00,2025-06-21T23:00:00Z,2.7,6.3,16.3,15.8,15.8,15.8,16.6,16.8,0.0,0.0,0.0
2025-06-22 07:00:00+07:00,2025-06-22T00:00:00Z,2.9,6.3,17.4,16.7,16.6,16.2,18.5,17.3,0.0,0.0,0.0
2025-06-22 08:00:00+07:00,2025-06-22T01:00:00Z,3.1,6.2,18.6,17.7,17.3,16.7,20.7,18.2,0.0,0.0,0.0
2025-06-22 09:00:00+07:00,2025-06-22T02:00:00Z,3.5,6.6,20.3,19.3,18.7,17.9,23.2,19.4,0.0,0.0,0.0
2025-06-22 10:00:00+07:00,2025-06-22T03:00:00Z,3.7,6.6,21.9,20.8,20.1,19.3,25.6,21.0,0.0,0.0,0.0
2025-06-22 11:00:00+07:00,2025-06-22T04:00:00Z,3.7,6.4,23.5,23.1,21.3,20.6,27.8,22.6,0.0,0.0,0.0
2025-06-22 12:00:00+07:00,2025-06-22T05:00:00Z,4.0,7.3,24.9,24.8,22.7,21.8,29.2,24.1,0.0,0.0,0.0
2025-06-22 13:00:00+07:00,2025-06-22T06:00:00Z,4.3,7.7,25.9,25.2,23.4,22.7,30.4,25.3,0.0,0.0,0.0
2025-06-22 14:00:00+07:00,2025-06-22T07:00:00Z,4.5,8.1,26.9,25.8,24.4,23.7,31.3,26.4,0.0,0.0,0.0
2025-06-22 15:00:00+07:00,2025-06-22T08:00:00Z,4.5,8.1,27.5,26.3,25.1,24.3,31.4,27.2,0.0,0.0,0.0
2025-06-22 16:00:00+07:00,2025-06-22T09:00:00Z,4.5,8.5,28.3,26.3,26.3,25.4,30.2,27.6,0.0,0.0,0.0
2025-06-22 17:00:00+07:00,2025-06-22T10:00:00Z,4.3,8.2,28.1,25.7,26.3,25.4,30.3,27.3,0.0,0.0,0.0
2025-06-22 18:00:00+07:00,2025-06-22T11:00:00Z,4.1,8.2,28.0,26.1,26.6,25.8,28.6,26.9,0.0,0.0,0.0
2025-06-22 19:00:00+07:00,2025-06-22T12:00:00Z,3.6,7.4,27.3,26.4,26.2,25.4,26.8,26.1,0.0,0.0,0.0
2025-06-22 20:00:00+07:00,2025-06-22T13:00:00Z,2.9,6.4,26.8,26.5,26.2,25.6,25.8,25.6,0.0,0.0,0.0
2025-06-22 21:00:00+07:00,2025-06-22T14:00:00Z,3.0,7.4,25.6,25.3,25.3,24.9,24.1,24.8,0.0,0.0,0.0
2025-06-22 22:00:00+07:00,2025-06-22T15:00:00Z,3.1,7.7,24.4,24.2,24.3,24.3,22.9,23.8,0.0,0.102,0.0
2025-06-22 23:00:00+07:00,2025-06-22T16:00:00Z,3.6,9.4,23.8,23.3,24.3,24.4,22.2,22.9,0.0,0.102,0.0
2025-06-23 00:00:00+07:00,2025-06-22T17:00:00Z,3.6,8.7,23.6,22.9,23.6,23.2,22.2,22.6,0.0,0.0,0.0
2025-06-23 01:00:00+07:00,2025-06-22T18:00:00Z,3.0,7.8,22.0,22.1,22.3,23.3,20.9,21.7,0.0,0.0,0.0
2025-06-23 02:00:00+07:00,2025-06-22T19:00:00Z,2.0,5.5,21.3,21.9,21.4,22.3,20.1,21.2,0.0,0.102,0.0
2025-06-23 03:00:00+07:00,2025-06-22T20:00:00Z,1.9,5.9,20.6,21.2,20.8,21.6,19.7,20.8,0.0,0.0,0.0
2025-06-23 04:00:00+07:00,2025-06-22T21:00:00Z,2.0,5.9,19.8,20.3,19.8,20.3,18.9,20.3,0.0,0.0,0.0
2025-06-23 05:00:00+07:00,2025-06-22T22:00:00Z,1.9,5.6,18.8,19.1,18.9,20.1,18.2,19.8,0.0,0.0,0.0
2025-06-23 06:00:00+07:00,2025-06-22T23:00:00Z,1.5,5.7,18.3,18.5,19.2,20.8,18.1,19.3,0.0,0.0,0.0
2025-06-23 07:00:00+07:00,2025-06-23T00:00:00Z,1.5,5.1,18.6,18.6,18.8,19.8,19.6,19.2,0.0,0.0,0.0
2025-06-23 08:00:00+07:00,2025-06-23T01:00:00Z,1.9,3.9,19.8,19.4,18.6,18.7,21.8,19.8,0.0,0.0,0.0
2025-06-23 09:00:00+07:00,2025-06-23T02:00:00Z,2.2,3.7,21.3,20.9,19.8,19.1,24.4,20.9,0.0,0.0,0.0
2025-06-23 10:00:00+07:00,2025-06-23T03:00:00Z,2.5,4.0,22.9,22.4,20.9,20.3,26.7,22.4,0.0,0.0,0.0
2025-06-23 11:00:00+07:00,2025-06-23T04:00:00Z,3.3,5.5,24.3,23.9,22.1,21.3,28.2,23.8,0.0,0.0,0.0
2025-06-23 12:00:00+07:00,2025-06-23T05:00:00Z,3.7,6.4,25.2,24.9,22.8,21.9,29.4,25.1,0.0,0.0,0.0
2025-06-23 13:00:00+07:00,2025-06-23T06:00:00Z,3.8,6.4,24.9,24.7,22.3,21.6,28.8,25.3,0.0,0.0,0.0
2025-06-23 14:00:00+07:00,2025-06-23T07:00:00Z,3.9,6.7,25.7,25.2,23.2,22.3,29.4,26.0,0.0,0.0,0.0
2025-06-23 15:00:00+07:00,2025-06-23T08:00:00Z,3.9,6.8,26.0,25.1,23.7,22.8,28.9,26.4,0.0,0.0,0.0
2025-06-23 16:00:00+07:00,2025-06-23T09:00:00Z,3.6,6.2,26.3,25.0,24.1,23.3,28.8,26.5,0.0,0.0,0.0
2025-06-23 17:00:00+07:00,2025-06-23T10:00:00Z,3.3,5.7,26.2,24.7,24.3,23.4,28.2,26.5,0.0,0.0,0.0
2025-06-23 18:00:00+07:00,2025-06-23T11:00:00Z,2.6,4.4,26.1,24.9,24.3,23.7,27.4,26.3,0.0,0.0,0.0
2025-06-23 19:00:00+07:00,2025-06-23T12:00:00Z,1.3,2.1,25.7,25.6,24.4,23.8,25.7,25.3,0.0,0.0,0.0
2025-06-23 20:00:00+07:00,2025-06-23T13:00:00Z,0.4,0.9,25.0,25.6,24.3,23.6,24.4,24.6,0.0,0.0,0.0
2025-06-23 21:00:00+07:00,2025-06-23T14:00:00Z,0.7,1.3,24.1,25.3,24.1,23.4,22.8,23.8,0.0,0.0,0.0
2025-06-23 22:00:00+07:00,2025-06-23T15:00:00Z,0.9,2.3,22.6,23.9,23.8,23.2,20.9,22.8,0.0,0.0,0.0
2025-06-23 23:00:00+07:00,2025-06-23T16:00:00Z,1.2,3.4,21.2,22.6,23.2,22.8,20.5,21.8,0.0,0.0,0.0
2025-06-24 00:00:00+07:00,2025-06-23T17:00:00Z,1.9,5.7,20.8,21.7,21.3,21.6,20.3,21.2,0.0,0.0,0.0
2025-06-24 01:00:00+07:00,2025-06-23T18:00:00Z,1.8,5.3,19.8,20.3,20.2,20.8,19.6,20.4,0.102,0.0,0.0
2025-06-24 02:00:00+07:00,2025-06-23T19:00:00Z,1.6,3.6,18.4,19.3,17.8,17.8,18.4,20.1,1.194,0.0,0.0
2025-06-24 03:00:00+07:00,2025-06-23T20:00:00Z,2.1,4.1,17.2,17.9,16.3,15.8,17.7,19.3,5.69,0.787,0.0
2025-06-24 04:00:00+07:00,2025-06-23T21:00:00Z,2.9,5.8,16.8,17.1,15.9,15.4,17.4,18.8,1.499,0.991,0.0
2025-06-24 05:00:00+07:00,2025-06-23T22:00:00Z,2.4,5.1,16.7,17.1,15.8,15.4,17.3,18.4,0.0,0.61,0.0
2025-06-24 06:00:00+07:00,2025-06-23T23:00:00Z,1.9,4.4,16.9,17.5,16.1,15.6,17.6,18.3,0.0,0.0,0.0
2025-06-24 07:00:00+07:00,2025-06-24T00:00:00Z,1.7,3.8,17.8,18.6,16.8,16.2,18.8,18.3,0.0,0.0,0.0
2025-06-24 08:00:00+07:00,2025-06-24T01:00:00Z,3.2,6.4,18.0,18.1,16.8,16.1,19.6,18.7,0.0,0.0,0.0
2025-06-24 09:00:00+07:00,2025-06-24T02:00:00Z,3.8,7.4,18.4,18.1,16.9,16.3,20.3,19.2,0.0,0.0,0.0
2025-06-24 10:00:00+07:00,2025-06-24T03:00:00Z,3.9,7.2,19.1,18.7,17.3,16.6,21.7,19.9,0.0,0.0,0.0
2025-06-24 11:00:00+07:00,2025-06-24T04:00:00Z,4.2,7.7,19.5,18.8,17.3,16.7,23.0,20.8,0.0,0.203,0.0
2025-06-24 12:00:00+07:00,2025-06-24T05:00:00Z,4.0,7.4,19.2,18.4,17.2,16.3,22.2,21.1,0.0,0.102,0.0
2025-06-24 13:00:00+07:00,2025-06-24T06:00:00Z,4.1,7.3,20.3,19.1,17.9,17.2,25.1,21.8,0.0,0.102,0.0
2025-06-24 14:00:00+07:00,2025-06-24T07:00:00Z,3.9,7.2,20.4,19.3,18.4,17.7,23.3,22.2,0.0,0.0,0.0
2025-06-24 15:00:00+07:00,2025-06-24T08:00:00Z,3.8,7.0,20.8,19.5,18.8,18.2,23.7,22.1,0.0,0.0,0.0
2025-06-24 16:00:00+07:00,2025-06-24T09:00:00Z,4.0,7.4,20.8,19.6,18.8,18.1,23.9,22.3,0.0,0.102,0.0
2025-06-24 17:00:00+07:00,2025-06-24T10:00:00Z,4.2,7.7,20.4,18.8,18.7,17.8,22.4,22.2,0.0,0.203,0.0
2025-06-24 18:00:00+07:00,2025-06-24T11:00:00Z,4.2,7.9,20.3,18.8,18.7,17.8,22.6,22.0,0.0,0.0,0.0
2025-06-24 19:00:00+07:00,2025-06-24T12:00:00Z,3.6,7.1,20.7,19.5,19.2,18.4,22.2,22.1,0.0,0.0,0.0
2025-06-24 20:00:00+07:00,2025-06-24T13:00:00Z,3.5,7.0,19.7,18.9,18.3,17.7,20.7,21.4,0.0,0.102,0.0
2025-06-24 21:00:00+07:00,2025-06-24T14:00:00Z,3.4,7.2,19.1,18.4,17.9,17.3,19.2,20.7,0.0,0.0,0.0
2025-06-24 22:00:00+07:00,2025-06-24T15:00:00Z,2.9,6.3,18.1,17.7,17.3,16.7,18.0,19.8,0.0,0.0,0.0
2025-06-24 23:00:00+07:00,2025-06-24T16:00:00Z,2.7,6.1,17.5,17.2,16.8,16.1,17.5,19.0,0.0,0.0,0.0
2025-06-25 00:00:00+07:00,2025-06-24T17:00:00Z,3.0,6.6,16.9,16.2,16.1,15.3,17.1,18.4,0.0,0.0,0.0
2025-06-25 01:00:00+07:00,2025-06-24T18:00:00Z,2.6,5.5,15.4,14.8,14.6,13.8,15.8,17.6,0.0,0.0,0.0
2025-06-25 02:00:00+07:00,2025-06-24T19:00:00Z,2.3,4.8,14.9,14.6,14.1,13.3,15.4,17.2,0.0,0.0,0.0
2025-06-25 03:00:00+07:00,2025-06-24T20:00:00Z,2.1,4.3,14.6,14.0,13.7,12.9,15.2,16.8,0.0,0.0,0.0
2025-06-25 04:00:00+07:00,2025-06-24T21:00:00Z,1.4,3.2,14.2,13.7,13.3,12.7,14.7,16.3,0.0,0.0,0.0
2025-06-25 05:00:00+07:00,2025-06-24T22:00:00Z,1.2,2.6,13.8,13.4,12.9,12.3,14.3,16.0,0.0,0.0,0.0
2025-06-25 06:00:00+07:00,2025-06-24T23:00:00Z,1.1,2.5,13.7,13.4,12.7,12.2,14.6,15.7,0.0,0.0,0.0
2025-06-25 07:00:00+07:00,2025-06-25T00:00:00Z,1.3,2.1,14.1,13.9,12.9,12.3,16.2,15.8,0.0,0.0,0.0
2025-06-25 08:00:00+07:00,2025-06-25T01:00:00Z,1.4,2.0,14.8,14.2,13.3,12.6,17.9,16.4,0.0,0.0,0.0
2025-06-25 09:00:00+07:00,2025-06-25T02:00:00Z,1.3,1.8,15.6,15.0,13.8,13.1,19.7,17.3,0.0,0.0,0.0
2025-06-25 10:00:00+07:00,2025-06-25T03:00:00Z,1.4,1.9,16.5,15.8,14.6,13.8,21.3,18.3,0.0,0.0,0.0
2025-06-25 11:00:00+07:00,2025-06-25T04:00:00Z,1.5,2.2,17.8,16.9,15.6,14.8,23.4,19.5,0.0,0.0,0.0
2025-06-25 12:00:00+07:00,2025-06-25T05:00:00Z,1.3,1.8,18.8,18.1,16.7,15.9,24.1,20.7,0.0,0.0,0.0
2025-06-25 13:00:00+07:00,2025-06-25T06:00:00Z,1.7,2.3,19.7,18.4,17.6,16.8,24.6,21.8,0.0,0.0,0.0
2025-06-25 14:00:00+07:00,2025-06-25T07:00:00Z,1.5,1.9,20.4,19.6,18.3,17.4,26.2,22.4,0.0,0.0,0.0
2025-06-25 15:00:00+07:00,2025-06-25T08:00:00Z,1.3,1.9,20.7,19.6,18.8,18.1,24.8,22.6,0.0,0.0,0.0
2025-06-25 16:00:00+07:00,2025-06-25T09:00:00Z,1.3,1.6,21.1,19.9,19.2,18.3,25.2,22.7,0.0,0.0,0.0
2025-06-25 17:00:00+07:00,2025-06-25T10:00:00Z,1.5,1.9,21.1,19.9,19.4,18.8,23.8,22.8,0.0,0.0,0.0
2025-06-25 18:00:00+07:00,2025-06-25T11:00:00Z,3.1,4.9,19.8,18.2,17.9,17.3,21.3,22.3,0.0,0.102,0.0
2025-06-25 19:00:00+07:00,2025-06-25T12:00:00Z,2.8,4.7,19.6,18.5,17.9,17.3,21.5,21.8,0.0,0.102,0.0
2025-06-25 20:00:00+07:00,2025-06-25T13:00:00Z,2.8,5.0,19.1,18.0,17.8,17.1,20.1,21.1,0.0,0.0,0.0
2025-06-25 21:00:00+07:00,2025-06-25T14:00:00Z,2.6,5.1,18.6,17.7,17.6,16.8,18.7,20.2,0.0,0.0,0.0
2025-06-25 22:00:00+07:00,2025-06-25T15:00:00Z,2.2,5.0,17.8,17.1,17.2,16.6,17.4,19.3,0.0,0.0,0.0
2025-06-25 23:00:00+07:00,2025-06-25T16:00:00Z,2.4,5.2,16.9,15.9,16.3,15.7,16.8,18.4,0.0,0.0,0.0
2025-06-26 00:00:00+07:00,2025-06-25T17:00:00Z,2.4,5.2,16.1,14.8,15.3,14.8,16.2,17.8,0.0,0.0,0.0
2025-06-26 01:00:00+07:00,2025-06-25T18:00:00Z,2.3,5.0,14.8,13.2,14.1,13.8,14.8,16.8,0.0,0.0,0.0
2025-06-26 02:00:00+07:00,2025-06-25T19:00:00Z,2.1,5.0,14.1,12.6,13.4,13.6,14.1,16.3,0.0,0.0,0.0
2025-06-26 03:00:00+07:00,2025-06-25T20:00:00Z,1.9,5.1,13.3,11.9,12.8,13.2,13.3,15.7,0.0,0.0,0.0
2025-06-26 04:00:00+07:00,2025-06-25T21:00:00Z,1.8,4.8,12.8,11.3,12.3,12.8,12.8,15.1,0.0,0.0,0.0
2025-06-26 05:00:00+07:00,2025-06-25T22:00:00Z,1.6,4.8,12.3,10.8,12.1,12.4,12.3,14.6,0.0,0.0,0.0
2025-06-26 06:00:00+07:00,2025-06-25T23:00:00Z,1.5,4.7,12.1,10.7,11.8,12.3,12.7,14.2,0.0,0.0,0.0
2025-06-26 07:00:00+07:00,2025-06-26T00:00:00Z,1.4,3.8,12.9,11.6,11.9,12.3,14.8,14.4,0.0,0.0,0.0
2025-06-26 08:00:00+07:00,2025-06-26T01:00:00Z,1.5,2.3,14.3,12.9,12.8,12.3,17.6,15.3,0.0,0.0,0.0
2025-06-26 09:00:00+07:00,2025-06-26T02:00:00Z,1.9,2.8,16.2,14.6,14.3,13.7,20.6,16.7,0.0,0.0,0.0
2025-06-26 10:00:00+07:00,2025-06-26T03:00:00Z,2.1,3.0,18.0,16.4,15.9,15.3,23.3,18.4,0.0,0.0,0.0
2025-06-26 11:00:00+07:00,2025-06-26T04:00:00Z,2.5,3.8,19.3,18.0,17.1,16.3,25.2,20.1,0.0,0.0,0.0
2025-06-26 12:00:00+07:00,2025-06-26T05:00:00Z,2.5,3.7,20.3,19.3,17.8,16.9,26.7,21.6,0.0,0.0,0.0
2025-06-26 13:00:00+07:00,2025-06-26T06:00:00Z,2.0,2.8,20.8,20.2,18.1,17.3,28.4,23.1,0.0,0.0,0.0
2025-06-26 14:00:00+07:00,2025-06-26T07:00:00Z,2.0,2.7,21.4,21.1,18.8,17.9,29.2,24.2,0.0,0.0,0.0
2025-06-26 15:00:00+07:00,2025-06-26T08:00:00Z,2.1,2.8,21.9,21.3,19.3,18.4,29.2,25.1,0.0,0.0,0.0
2025-06-26 16:00:00+07:00,2025-06-26T09:00:00Z,2.3,3.2,22.3,21.1,19.7,18.8,28.6,25.4,0.0,0.0,0.0
2025-06-26 17:00:00+07:00,2025-06-26T10:00:00Z,2.5,3.6,22.4,20.6,19.9,19.3,27.4,25.3,0.0,0.0,0.0
2025-06-26 18:00:00+07:00,2025-06-26T11:00:00Z,2.4,3.6,22.3,19.8,20.2,19.4,26.0,24.9,0.0,0.0,0.0
2025-06-26 19:00:00+07:00,2025-06-26T12:00:00Z,1.9,2.8,22.4,20.3,20.8,19.9,24.8,24.6,0.0,0.0,0.0
2025-06-26 20:00:00+07:00,2025-06-26T13:00:00Z,2.0,3.2,21.8,19.7,20.4,19.8,22.6,23.6,0.0,0.0,0.0
2025-06-26 21:00:00+07:00,2025-06-26T14:00:00Z,1.9,3.8,21.2,19.1,20.3,19.7,20.5,22.3,0.0,0.0,0.0
2025-06-26 22:00:00+07:00,2025-06-26T15:00:00Z,1.7,4.7,19.8,18.2,19.7,19.3,18.3,21.0,0.0,0.0,0.0
2025-06-26 23:00:00+07:00,2025-06-26T16:00:00Z,1.7,5.5,18.6,17.0,18.9,18.8,16.9,19.7,0.0,0.0,0.0
2025-06-27 00:00:00+07:00,2025-06-26T17:00:00Z,1.7,5.9,17.7,16.0,18.3,18.3,16.1,18.6,0.0,0.0,0.0
2025-06-27 01:00:00+07:00,2025-06-26T18:00:00Z,1.5,5.6,15.9,14.6,16.8,17.1,14.3,17.2,0.0,0.0,0.0
2025-06-27 02:00:00+07:00,2025-06-26T19:00:00Z,1.4,5.6,15.3,13.9,16.3,16.6,13.8,16.5,0.0,0.0,0.0
2025-06-27 03:00:00+07:00,2025-06-26T20:00:00Z,1.4,5.3,14.6,13.3,15.8,16.1,13.2,15.8,0.0,0.0,0.0
2025-06-27 04:00:00+07:00,2025-06-26T21:00:00Z,1.5,5.9,14.1,12.6,15.3,15.7,12.8,15.3,0.0,0.0,0.0
2025-06-27 05:00:00+07:00,2025-06-26T22:00:00Z,1.7,6.3,13.8,12.1,14.4,14.8,12.7,14.9,0.0,0.0,0.0
2025-06-27 06:00:00+07:00,2025-06-26T23:00:00Z,1.7,5.7,13.7,12.0,13.7,14.2,13.4,14.7,0.0,0.0,0.0
2025-06-27 07:00:00+07:00,2025-06-27T00:00:00Z,2.0,5.1,14.3,12.8,13.6,14.1,15.7,15.0,0.0,0.0,0.0
2025-06-27 08:00:00+07:00,2025-06-27T01:00:00Z,2.5,4.5,15.7,13.9,14.3,13.6,18.4,15.9,0.0,0.0,0.0
2025-06-27 09:00:00+07:00,2025-06-27T02:00:00Z,3.0,5.4,17.3,15.4,15.6,14.8,21.2,17.3,0.0,0.0,0.0
2025-06-27 10:00:00+07:00,2025-06-27T03:00:00Z,3.4,5.9,19.0,17.2,16.8,16.1,23.7,18.9,0.0,0.0,0.0
2025-06-27 11:00:00+07:00,2025-06-27T04:00:00Z,3.9,6.7,20.7,19.6,18.3,17.4,25.8,20.6,0.0,0.0,0.0
2025-06-27 12:00:00+07:00,2025-06-27T05:00:00Z,4.4,7.7,21.9,21.1,19.3,18.4,27.3,22.1,0.0,0.0,0.0
2025-06-27 13:00:00+07:00,2025-06-27T06:00:00Z,4.3,7.4,23.2,22.3,20.3,19.7,28.8,23.6,0.0,0.0,0.0
2025-06-27 14:00:00+07:00,2025-06-27T07:00:00Z,4.3,7.6,24.3,22.9,21.4,20.7,29.8,24.7,0.0,0.0,0.0
2025-06-27 15:00:00+07:00,2025-06-27T08:00:00Z,4.2,7.4,24.9,23.6,22.2,21.3,30.2,25.6,0.0,0.0,0.0
2025-06-27 16:00:00+07:00,2025-06-27T09:00:00Z,4.2,7.5,25.4,23.7,22.8,22.1,29.9,26.2,0.0,0.0,0.0
2025-06-27 17:00:00+07:00,2025-06-27T10:00:00Z,4.1,7.5,25.6,23.6,23.3,22.4,29.1,26.3,0.0,0.0,0.0
2025-06-27 18:00:00+07:00,2025-06-27T11:00:00Z,4.1,7.5,25.5,22.9,23.4,22.8,27.8,26.1,0.0,0.0,0.0
2025-06-27 19:00:00+07:00,2025-06-27T12:00:00Z,3.3,6.4,25.3,23.2,23.8,23.1,26.4,25.5,0.0,0.0,0.0
2025-06-27 20:00:00+07:00,2025-06-27T13:00:00Z,2.9,6.0,24.7,22.9,23.6,22.8,24.5,24.7,0.0,0.0,0.0
2025-06-27 21:00:00+07:00,2025-06-27T14:00:00Z,2.2,4.9,23.8,22.8,23.2,22.6,22.6,23.7,0.0,0.0,0.0
2025-06-27 22:00:00+07:00,2025-06-27T15:00:00Z,1.8,5.0,22.3,21.8,22.3,22.1,20.3,22.5,0.0,0.0,0.0
2025-06-27 23:00:00+07:00,2025-06-27T16:00:00Z,2.0,5.8,21.1,20.3,21.3,21.6,19.2,21.3,0.0,0.0,0.0
2025-06-28 00:00:00+07:00,2025-06-27T17:00:00Z,2.0,6.2,20.0,19.2,20.3,20.9,18.3,20.3,0.0,0.0,0.0
2025-06-28 01:00:00+07:00,2025-06-27T18:00:00Z,1.9,6.1,18.7,17.7,19.2,19.8,17.3,19.3,0.0,0.0,0.0
2025-06-28 02:00:00+07:00,2025-06-27T19:00:00Z,2.0,6.2,18.1,17.1,18.2,18.9,16.9,18.7,0.0,0.0,0.0
2025-06-28 03:00:00+07:00,2025-06-27T20:00:00Z,2.0,5.6,17.4,16.3,17.3,17.8,16.4,18.2,0.0,0.0,0.0
2025-06-28 04:00:00+07:00,2025-06-27T21:00:00Z,2.0,5.3,16.7,15.6,16.4,16.8,15.9,17.8,0.0,0.0,0.0
2025-06-28 05:00:00+07:00,2025-06-27T22:00:00Z,1.7,4.7,16.2,15.2,15.8,15.9,15.4,17.3,0.0,0.0,0.0
2025-06-28 06:00:00+07:00,2025-06-27T23:00:00Z,1.4,4.1,15.8,15.1,15.3,15.6,15.8,16.9,0.0,0.0,0.0
2025-06-28 07:00:00+07:00,2025-06-28T00:00:00Z,1.4,3.1,16.3,15.6,15.3,15.7,17.8,17.1,0.0,0.0,0.0
2025-06-28 08:00:00+07:00,2025-06-28T01:00:00Z,1.3,2.0,17.6,17.1,16.2,15.8,20.7,17.9,0.0,0.0,0.0
2025-06-28 09:00:00+07:00,2025-06-28T02:00:00Z,1.4,2.1,19.6,19.2,17.8,17.1,23.9,19.4,0.0,0.0,0.0
2025-06-28 10:00:00+07:00,2025-06-28T03:00:00Z,1.4,2.0,21.4,21.3,19.4,18.8,27.1,21.3,0.0,0.0,0.0
2025-06-28 11:00:00+07:00,2025-06-28T04:00:00Z,1.5,2.2,23.3,23.9,20.9,20.3,29.7,23.3,0.0,0.0,0.0
2025-06-28 12:00:00+07:00,2025-06-28T05:00:00Z,1.8,2.5,24.9,26.4,22.3,21.7,31.8,25.2,0.0,0.0,0.0
2025-06-28 13:00:00+07:00,2025-06-28T06:00:00Z,2.4,3.5,25.8,27.2,23.3,22.4,31.5,26.6,0.0,0.0,0.0
2025-06-28 14:00:00+07:00,2025-06-28T07:00:00Z,2.4,3.3,25.8,27.0,23.3,22.6,30.4,27.5,0.0,0.203,0.0
2025-06-28 15:00:00+07:00,2025-06-28T08:00:00Z,2.1,3.0,24.3,25.2,22.2,21.4,28.1,26.9,0.0,0.406,0.0
2025-06-28 16:00:00+07:00,2025-06-28T09:00:00Z,1.6,2.2,24.6,25.9,22.3,21.6,30.2,26.7,0.0,0.203,0.0
2025-06-28 17:00:00+07:00,2025-06-28T10:00:00Z,3.3,5.4,22.7,23.4,20.7,19.9,24.0,26.6,0.0,2.108,0.0
2025-06-28 18:00:00+07:00,2025-06-28T11:00:00Z,1.1,1.5,22.2,24.0,20.7,19.9,24.4,24.8,0.0,1.397,0.0
2025-06-28 19:00:00+07:00,2025-06-28T12:00:00Z,1.6,2.5,23.7,24.9,22.3,21.6,25.2,25.1,0.0,0.0,0.0
2025-06-28 20:00:00+07:00,2025-06-28T13:00:00Z,1.9,2.9,23.1,24.3,21.8,21.1,23.9,24.3,0.0,0.0,0.0
2025-06-28 21:00:00+07:00,2025-06-28T14:00:00Z,1.6,3.1,22.7,24.1,21.7,20.9,22.4,23.6,0.0,0.0,0.0
2025-06-28 22:00:00+07:00,2025-06-28T15:00:00Z,1.3,3.5,22.0,23.7,21.4,20.8,21.2,22.7,0.0,0.0,0.0
2025-06-28 23:00:00+07:00,2025-06-28T16:00:00Z,1.2,3.7,21.2,22.8,20.8,20.3,20.3,21.8,0.0,0.0,0.0
2025-06-29 00:00:00+07:00,2025-06-28T17:00:00Z,1.0,3.2,20.4,22.0,20.3,19.7,19.4,21.1,0.0,0.0,0.0
2025-06-29 01:00:00+07:00,2025-06-28T18:00:00Z,0.8,2.6,18.5,20.3,18.6,18.1,17.6,19.7,0.0,0.0,0.0
2025-06-29 02:00:00+07:00,2025-06-28T19:00:00Z,0.8,2.6,17.8,19.6,18.3,17.8,17.1,19.1,0.0,0.0,0.0
2025-06-29 03:00:00+07:00,2025-06-28T20:00:00Z,0.9,2.7,17.3,19.0,17.9,17.6,16.5,18.6,0.0,0.0,0.0
2025-06-29 04:00:00+07:00,2025-06-28T21:00:00Z,0.9,2.8,16.8,18.4,17.8,17.4,16.1,18.1,0.0,0.0,0.0
2025-06-29 05:00:00+07:00,2025-06-28T22:00:00Z,1.0,3.4,16.4,17.9,17.6,17.3,15.8,17.6,0.0,0.0,0.0
2025-06-29 06:00:00+07:00,2025-06-28T23:00:00Z,1.0,3.7,16.4,17.8,17.2,16.8,16.4,17.3,0.0,0.0,0.0
2025-06-29 07:00:00+07:00,2025-06-29T00:00:00Z,1.0,3.2,17.3,18.4,16.9,16.8,18.9,17.6,0.0,0.0,0.0
2025-06-29 08:00:00+07:00,2025-06-29T01:00:00Z,1.7,2.7,18.8,19.4,17.3,16.6,21.8,18.7,0.0,0.0,0.0
2025-06-29 09:00:00+07:00,2025-06-29T02:00:00Z,1.9,2.9,20.1,20.6,18.3,17.6,24.3,20.1,0.0,0.0,0.0
2025-06-29 10:00:00+07:00,2025-06-29T03:00:00Z,2.3,3.4,21.2,21.4,19.2,18.4,25.5,21.6,0.0,0.0,0.0
2025-06-29 11:00:00+07:00,2025-06-29T04:00:00Z,2.4,3.6,22.1,22.1,19.9,19.3,26.7,22.7,0.0,0.0,0.0
2025-06-29 12:00:00+07:00,2025-06-29T05:00:00Z,2.5,3.8,23.2,23.0,20.9,20.2,27.8,23.7,0.0,0.0,0.0
2025-06-29 13:00:00+07:00,2025-06-29T06:00:00Z,2.8,4.2,23.1,23.3,20.7,19.9,28.8,24.3,0.0,0.0,0.0
2025-06-29 14:00:00+07:00,2025-06-29T07:00:00Z,2.6,3.9,23.7,24.4,21.2,20.4,29.8,25.1,0.0,0.0,0.0
2025-06-29 15:00:00+07:00,2025-06-29T08:00:00Z,2.7,4.2,24.2,25.0,21.8,21.1,29.2,25.8,0.0,0.0,0.0
2025-06-29 16:00:00+07:00,2025-06-29T09:00:00Z,2.9,4.5,23.4,23.9,21.3,20.6,25.9,25.8,0.0,0.406,0.0
2025-06-29 17:00:00+07:00,2025-06-29T10:00:00Z,2.4,3.9,23.4,24.3,21.6,20.8,26.6,25.3,0.0,0.203,0.0
2025-06-29 18:00:00+07:00,2025-06-29T11:00:00Z,2.3,3.5,23.5,24.5,21.8,20.9,26.3,25.2,0.0,0.203,0.0
2025-06-29 19:00:00+07:00,2025-06-29T12:00:00Z,2.0,3.1,23.3,24.1,21.8,21.2,24.9,24.5,0.0,0.0,0.0
2025-06-29 20:00:00+07:00,2025-06-29T13:00:00Z,1.8,3.1,23.0,24.1,21.8,21.1,23.6,23.9,0.0,0.0,0.0
2025-06-29 21:00:00+07:00,2025-06-29T14:00:00Z,1.6,3.3,22.8,23.9,21.9,21.3,22.2,23.2,0.0,0.0,0.0
2025-06-29 22:00:00+07:00,2025-06-29T15:00:00Z,1.3,3.9,21.8,23.2,21.7,21.3,20.4,22.3,0.0,0.0,0.0
2025-06-29 23:00:00+07:00,2025-06-29T16:00:00Z,1.3,4.5,20.9,22.3,21.2,21.1,19.4,21.3,0.0,0.0,0.0
2025-06-30 00:00:00+07:00,2025-06-29T17:00:00Z,1.5,5.0,20.3,21.6,20.8,20.8,18.9,20.5,0.0,0.0,0.0
2025-06-30 01:00:00+07:00,2025-06-29T18:00:00Z,1.4,4.9,19.3,20.3,19.9,19.8,18.0,19.6,0.0,0.0,0.0
2025-06-30 02:00:00+07:00,2025-06-29T19:00:00Z,1.5,5.0,18.8,19.8,19.6,19.6,17.7,19.2,0.0,0.0,0.0
2025-06-30 03:00:00+07:00,2025-06-29T20:00:00Z,1.6,5.2,18.5,19.3,19.2,19.2,17.3,18.8,0.0,0.0,0.0
2025-06-30 04:00:00+07:00,2025-06-29T21:00:00Z,1.7,5.4,18.2,18.8,18.7,18.8,17.1,18.4,0.0,0.0,0.0
2025-06-30 05:00:00+07:00,2025-06-29T22:00:00Z,1.7,5.3,17.8,18.3,18.3,18.4,16.8,18.1,0.0,0.0,0.0
2025-06-30 06:00:00+07:00,2025-06-29T23:00:00Z,1.7,5.1,17.8,18.2,17.9,18.2,17.5,17.9,0.0,0.0,0.0
2025-06-30 07:00:00+07:00,2025-06-30T00:00:00Z,1.4,4.4,18.6,19.5,18.3,18.6,19.3,18.2,0.0,0.0,0.0
2025-06-30 08:00:00+07:00,2025-06-30T01:00:00Z,1.8,3.5,19.8,20.4,18.8,18.3,21.5,18.9,0.0,0.0,0.0
2025-06-30 09:00:00+07:00,2025-06-30T02:00:00Z,2.1,3.4,21.5,22.0,19.9,19.3,24.1,20.2,0.0,0.0,0.0
2025-06-30 10:00:00+07:00,2025-06-30T03:00:00Z,2.4,3.9,23.2,23.4,21.3,20.6,26.7,21.8,0.0,0.0,0.0
2025-06-30 11:00:00+07:00,2025-06-30T04:00:00Z,2.6,4.2,24.6,25.2,22.4,21.7,28.6,23.3,0.0,0.0,0.0
2025-06-30 12:00:00+07:00,2025-06-30T05:00:00Z,2.6,4.1,25.6,26.7,23.3,22.4,30.2,24.8,0.0,0.0,0.0
2025-06-30 13:00:00+07:00,2025-06-30T06:00:00Z,2.2,3.3,24.4,25.7,22.4,21.7,27.8,25.4,0.0,0.61,0.0
2025-06-30 14:00:00+07:00,2025-06-30T07:00:00Z,2.1,3.0,23.8,24.6,21.8,21.1,27.8,24.8,0.0,0.711,0.0
2025-06-30 15:00:00+07:00,2025-06-30T08:00:00Z,1.9,2.8,24.4,25.3,22.3,21.4,29.6,25.3,0.0,0.0,0.0
2025-06-30 16:00:00+07:00,2025-06-30T09:00:00Z,2.2,3.2,23.5,24.3,21.4,20.8,27.1,25.7,0.0,0.508,0.0
2025-06-30 17:00:00+07:00,2025-06-30T10:00:00Z,1.2,1.7,22.4,24.2,20.8,20.1,24.8,25.1,0.0,0.787,0.0
2025-06-30 18:00:00+07:00,2025-06-30T11:00:00Z,1.2,1.5,21.9,23.7,20.4,19.8,23.7,24.1,0.0,0.711,0.0
2025-06-30 19:00:00+07:00,2025-06-30T12:00:00Z,1.0,1.3,23.0,24.4,21.8,21.1,24.4,24.2,0.0,0.0,0.0
2025-06-30 20:00:00+07:00,2025-06-30T13:00:00Z,1.3,1.7,22.6,23.9,21.3,20.7,23.4,23.8,0.0,0.0,0.0
2025-06-30 21:00:00+07:00,2025-06-30T14:00:00Z,1.3,2.0,21.9,23.4,20.8,20.3,21.8,23.1,0.0,0.0,0.0
2025-06-30 22:00:00+07:00,2025-06-30T15:00:00Z,1.0,2.3,20.9,22.9,20.3,19.7,20.2,22.2,0.0,0.0,0.0
2025-06-30 23:00:00+07:00,2025-06-30T16:00:00Z,1.0,3.3,20.1,22.3,19.8,19.4,19.3,21.2,0.0,0.0,0.0
